开始日期,标记,标题,结束日期,链接
2017/09/05,0,吉林省辽源市发布雷电黄色预警,2017/09/05,http://www.weather.com.cn/alarm/newalarmcontent.shtml?file=1010607-20170905120100-0902.html
2017/09/05,0,新疆维吾尔自治区阿勒泰地区发布大风蓝色预警,2017/09/05,http://www.weather.com.cn/alarm/newalarmcontent.shtml?file=1011314-20170905125400-0501.html
2017/09/05,0,广西壮族自治区柳州市发布暴雨橙色预警,2017/09/05,http://www.weather.com.cn/alarm/newalarmcontent.shtml?file=1013003-20170905153522-0203.html
2017/09/05,0,河北省张家口市发布霜冻蓝色预警,2017/09/05,http://www.weather.com.cn/alarm/newalarmcontent.shtml?file=1010903-20170905160000-1101.html
2017/09/05,0,福建省福州市发布高温橙色预警,2017/09/05,http://www.weather.com.cn/alarm/newalarmcontent.shtml?file=1012301-20170905162300-0703.html
2017/09/05,0,云南省普洱市发布暴雨蓝色预警,2017/09/05,http://www.weather.com.cn/alarm/newalarmcontent.shtml?file=1012909-20170905163500-0201.html
2017/09/05,0,福建省发布高温橙色预警,2017/09/05,http://www.weather.com.cn/alarm/newalarmcontent.shtml?file=10123-20170905165600-0703.html
2017/09/05,0,福建省泉州市发布高温橙色预警,2017/09/05,http://www.weather.com.cn/alarm/newalarmcontent.shtml?file=1012305-20170905165600-0703.html
2017/09/05,0,广东省肇庆市发布暴雨橙色预警,2017/09/05,http://www.weather.com.cn/alarm/newalarmcontent.shtml?file=1012809-20170905172618-0203.html
2017/09/05,0,辽宁省沈阳市发布雷雨大风蓝色预警,2017/09/05,http://www.weather.com.cn/alarm/newalarmcontent.shtml?file=1010701-20170905180700-9301.html
